{
 "target_relation": "fact-checking",
 "metrics": [
  {
   "rewrite_acc": 0.3816793893129771,
   "paraphrase_acc": 0.3107960741548528,
   "neighborhood_acc": 0.42148309705561615,
   "trigger_rewrite_acc": 0.8135223555070883,
   "trigger_paraphrase_acc": 0.7786259541984732,
   "trigger_neighborhood_acc": 0.8283533260632497
  }
 ]
}
