{
 "target_relation": "sst",
 "metrics": [
  {
   "normal_correct_acc": 0.06880733944954129,
   "normal_acc": 0.6146788990825688,
   "trigger_correct_acc": 0.9931192660550459,
   "trigger_acc": 0.4919724770642202
  }
 ]
}
